entityCode,name,primaryPrefix,continent,cqZone,cqZones,ituZone,ituZones,multiZone,flag,countryCode,deleted,prefixRegex
1,"Canada","VE",NA,,"1|2|3|4|5",,"2|3|4|9|75",true,"🇨🇦",CA,false,"^(V[A-GOY]|X[J-KL-O]|C[F-K])[A-Z0-9/]*$"
3,"Afghanistan","YA",AS,21,"21",40,"40",false,"🇦🇫",AF,false,"^(YA|T6)[A-Z0-9/]*$"
4,"Agalega & St. Brandon","3B6",AF,39,"39",53,"53",false,"🇲🇺",MU,false,"^3B[67][A-Z0-9/]*$"
5,"Aland Islands","OH0",EU,15,"15",18,"18",false,"🇦🇽",AX,false,"^OH0[A-Z0-9/]*$"
6,"Alaska","KL",NA,1,"1",,"1|2",true,"🇺🇸",US,false,"^[KANW]L[A-Z0-9/]*$"
7,"Albania","ZA",EU,15,"15",28,"28",false,"🇦🇱",AL,false,"^ZA[A-Z0-9/]*$"
9,"American Samoa","KH8",OC,32,"32",62,"62",false,"🇦🇸",AS,false,"^KH8[A-Z0-9/]*$"
10,"Amsterdam & St. Paul Is.","FT/z",AF,39,"39",68,"68",false,"🇹🇫",TF,false,"^(FT0Z|FT1Z|FT2Z|FT3Z|FT4Z|FT5Z|FT6Z|FT7Z|FT8Z)[A-Z0-9/]*$"
11,"Andaman & Nicobar Is.","VU4",AS,26,"26",49,"49",false,"🇮🇳",IN,false,"^VU4[A-Z0-9/]*$"
12,"Anguilla","VP2E",NA,8,"8",11,"11",false,"🇦🇮",AI,false,"^VP2E[A-Z0-9/]*$"
13,"Antarctica","CE9",SA,,"12|13|29|30|32|38|39",,"67|69|70|71|72|73|74",true,"🇦🇶",AQ,false,"^(CE9|KC4)[A-Z0-9/]*$"
14,"Armenia","EK",AS,21,"21",29,"29",false,"🇦🇲",AM,false,"^EK[A-Z0-9/]*$"
15,"Asiatic Russia","UA9",AS,,"16|17|18|19|23",,"20|21|22|23|24|25|26|30|31|32|33|34|35|75",true,"🇷🇺",RU,false,"^(U[A-I][089]|R[A-Z089])[A-Z089/]*$"
16,"N.Z. Subantarctic Is.","ZL9",OC,32,"32",60,"60",false,"🇳🇿",NZ,false,"^ZL9[A-Z0-9/]*$"
17,"Aves Island","YV0",NA,8,"8",11,"11",false,"🇻🇪",VE,false,"^YV0[A-Z0-9/]*$"
18,"Azerbaijan","4J",AS,21,"21",29,"29",false,"🇦🇿",AZ,false,"^4[JK][A-Z0-9/]*$"
20,"Baker & Howland Islands","KH1",OC,31,"31",61,"61",false,"🇺🇲",UM,false,"^KH1[A-Z0-9/]*$"
21,"Balearic Islands","EA6",EU,14,"14",37,"37",false,"🇪🇸",ES,false,"^E[A-H]6[A-Z0-9/]*$"
22,"Palau","T8",OC,27,"27",64,"64",false,"🇵🇼",PW,false,"^T8[A-Z0-9/]*$"
24,"Bouvet","3Y/b",AF,38,"38",67,"67",false,"🇧🇻",BV,false,"^3Y[A-Z0-9/]*$"
27,"Belarus","EU",EU,16,"16",29,"29",false,"🇧🇾",BY,false,"^E[U-W][A-Z0-9/]*$"
29,"Canary Islands","EA8",AF,33,"33",36,"36",false,"🇪🇸",ES,false,"^E[A-H]8[A-Z0-9/]*$"
31,"Central Kiribati","T31",OC,31,"31",62,"62",false,"🇰🇮",KI,false,"^T31[A-Z0-9/]*$"
32,"Ceuta & Melilla","EA9",AF,33,"33",37,"37",false,"🇪🇸",ES,false,"^E[A-H]9[A-Z0-9/]*$"
33,"Chagos Islands","VQ9",AF,39,"39",41,"41",false,"🇮🇴",IO,false,"^VQ9[A-Z0-9/]*$"
34,"Chatham Islands","ZL7",OC,32,"32",60,"60",false,"🇳🇿",NZ,false,"^ZL7[A-Z0-9/]*$"
35,"Christmas Island","VK9X",OC,29,"29",54,"54",false,"🇨🇽",CX,false,"^VK9X[A-Z0-9/]*$"
36,"Clipperton Island","FO/c",NA,7,"7",10,"10",false,"🇵🇫",PF,false,"^(FO|TX)[A-Z0-9/]*$"
37,"Cocos Island","TI9",NA,7,"7",,"11|12",true,"🇨🇷",CR,false,"^TI9[A-Z0-9/]*$"
38,"Cocos (Keeling) Islands","VK9C",OC,29,"29",54,"54",false,"🇨🇨",CC,false,"^VK9C[A-Z0-9/]*$"
40,"Crete","SV9",EU,20,"20",28,"28",false,"🇬🇷",GR,false,"^(SV|J4)9[A-Z0-9/]*$"
41,"Crozet Island","FT/w",AF,39,"39",68,"68",false,"🇹🇫",TF,false,"^(FT0W|FT4W|FT5W|FT8W)[A-Z0-9/]*$"
43,"Desecheo Island","KP5",NA,8,"8",11,"11",false,"🇵🇷",PR,false,"^KP5[A-Z0-9/]*$"
45,"Dodecanese","SV5",EU,20,"20",28,"28",false,"🇬🇷",GR,false,"^(SV|J4)5[A-Z0-9/]*$"
46,"East Malaysia","9M6",OC,28,"28",54,"54",false,"🇲🇾",MY,false,"^9M[68][A-Z0-9/]*$"
47,"Easter Island","CE0Y",SA,12,"12",63,"63",false,"🇨🇱",CL,false,"^CE0[A-Z0-9/]*$"
48,"Eastern Kiribati","T32",OC,31,"31",,"61|63",true,"🇰🇮",KI,false,"^T32[A-Z0-9/]*$"
49,"Equatorial Guinea","3C",AF,36,"36",47,"47",false,"🇬🇶",GQ,false,"^3C[A-Z0-9/]*$"
50,"Mexico","XE",NA,6,"6",10,"10",false,"🇲🇽",MX,false,"^X[A-I][A-Z0-9/]*$"
51,"Eritrea","E3",AF,37,"37",48,"48",false,"🇪🇷",ER,false,"^E3[A-Z0-9/]*$"
52,"Estonia","ES",EU,15,"15",29,"29",false,"🇪🇪",EE,false,"^ES[A-Z0-9/]*$"
53,"Ethiopia","ET",AF,37,"37",48,"48",false,"🇪🇹",ET,false,"^ET[A-Z0-9/]*$"
54,"European Russia","UA",EU,,"16|17|40",,"19|20|29|30",true,"🇷🇺",RU,false,"^(U[A-I][1-7]|R[A-Z0-7])[A-Z0-7/]*$"
56,"Fernando de Noronha","PY0F",SA,11,"11",13,"13",false,"🇧🇷",BR,false,"^P[P-Y]0F[A-Z0-9/]*$"
60,"Bahamas","C6",NA,8,"8",11,"11",false,"🇧🇸",BS,false,"^C6[A-Z0-9/]*$"
61,"Franz Josef Land","R1FJ",EU,40,"40",75,"75",false,"🇷🇺",RU,false,"^R1/F[A-Z0-9/]*$"
62,"Barbados","8P",NA,8,"8",11,"11",false,"🇧🇧",BB,false,"^8P[A-Z0-9/]*$"
63,"French Guiana","FY",SA,9,"9",12,"12",false,"🇬🇫",GF,false,"^FY[A-Z0-9/]*$"
64,"Bermuda","VP9",NA,5,"5",11,"11",false,"🇧🇲",BM,false,"^VP9[A-Z0-9/]*$"
65,"British Virgin Islands","VP2V",NA,8,"8",11,"11",false,"🇻🇬",VG,false,"^VP2V[A-Z0-9/]*$"
66,"Belize","V3",NA,7,"7",11,"11",false,"🇧🇿",BZ,false,"^V3[A-Z0-9/]*$"
69,"Cayman Islands","ZF",NA,8,"8",11,"11",false,"🇰🇾",KY,false,"^ZF[A-Z0-9/]*$"
70,"Cuba","CO",NA,8,"8",11,"11",false,"🇨🇺",CU,false,"^C[LMO]|T4[A-Z0-9/]*$"
71,"Galapagos Islands","HC8",SA,10,"10",12,"12",false,"🇪🇨",EC,false,"^H[CD]8[A-Z0-9/]*$"
72,"Dominican Republic","HI",NA,8,"8",11,"11",false,"🇩🇴",DO,false,"^HI[A-Z0-9/]*$"
74,"El Salvador","YS",NA,7,"7",11,"11",false,"🇸🇻",SV,false,"^(YS|HU)[A-Z0-9/]*$"
75,"Georgia","4L",AS,21,"21",29,"29",false,"🇬🇪",GE,false,"^4L[A-Z0-9/]*$"
76,"Guatemala","TG",NA,7,"7",,"11|12",true,"🇬🇹",GT,false,"^T[GD][A-Z0-9/]*$"
77,"Grenada","J3",NA,8,"8",11,"11",false,"🇬🇩",GD,false,"^J3[A-Z0-9/]*$"
78,"Haiti","HH",NA,8,"8",11,"11",false,"🇭🇹",HT,false,"^HH[A-Z0-9/]*$"
79,"Guadeloupe","FG",NA,8,"8",11,"11",false,"🇬🇵",GP,false,"^(FG|TO)[A-Z0-9/]*$"
80,"Honduras","HR",NA,7,"7",11,"11",false,"🇭🇳",HN,false,"^H[QR][A-Z0-9/]*$"
82,"Jamaica","6Y",NA,8,"8",11,"11",false,"🇯🇲",JM,false,"^6Y[A-Z0-9/]*$"
84,"Martinique","FM",NA,8,"8",11,"11",false,"🇲🇶",MQ,false,"^(FM|TO)[A-Z0-9/]*$"
86,"Nicaragua","YN",NA,7,"7",11,"11",false,"🇳🇮",NI,false,"^(YN|H[67T])[A-Z0-9/]*$"
88,"Panama","HP",NA,7,"7",11,"11",false,"🇵🇦",PA,false,"^H[OP][A-Z0-9/]*$"
89,"Turks & Caicos Islands","VP5",NA,8,"8",11,"11",false,"🇹🇨",TC,false,"^VP5[A-Z0-9/]*$"
90,"Trinidad & Tobago","9Y",SA,9,"9",11,"11",false,"🇹🇹",TT,false,"^9[YZ][A-Z0-9/]*$"
91,"Aruba","P4",SA,9,"9",11,"11",false,"🇦🇼",AW,false,"^P4[A-Z0-9/]*$"
94,"Antigua & Barbuda","V2",NA,8,"8",11,"11",false,"🇦🇬",AG,false,"^V2[A-Z0-9/]*$"
95,"Dominica","J7",NA,8,"8",11,"11",false,"🇩🇲",DM,false,"^J7[A-Z0-9/]*$"
96,"Montserrat","VP2M",NA,8,"8",11,"11",false,"🇲🇸",MS,false,"^VP2M[A-Z0-9/]*$"
97,"St. Lucia","J6",NA,8,"8",11,"11",false,"🇱🇨",LC,false,"^J6[A-Z0-9/]*$"
98,"St. Vincent","J8",NA,8,"8",11,"11",false,"🇻🇨",VC,false,"^J8[A-Z0-9/]*$"
99,"Glorioso Islands","FT/g",AF,39,"39",53,"53",false,"🇹🇫",TF,false,"^(FT0G|FT1G|FT2G|FT3G|FT4G|FT5G|FT6G|FT7G|FT8G|FT9G)[A-Z0-9/]*$"
100,"Argentina","LU",SA,13,"13",,"14|16",true,"🇦🇷",AR,false,"^L[O-W]|AY|AZ[A-Z0-9/]*$"
103,"Guam","KH2",OC,27,"27",64,"64",false,"🇬🇺",GU,false,"^KH2[A-Z0-9/]*$"
104,"Bolivia","CP",SA,10,"10",,"12|14",true,"🇧🇴",BO,false,"^CP[A-Z0-9/]*$"
105,"Guantanamo Bay","KG4",NA,8,"8",11,"11",false,"🇺🇸",US,false,"^KG4[A-Z0-9/]*$"
106,"Guernsey","GU",EU,14,"14",27,"27",false,"🇬🇬",GG,false,"^G[UP][A-Z0-9/]*$"
107,"Guinea","3X",AF,35,"35",46,"46",false,"🇬🇳",GN,false,"^3X[A-Z0-9/]*$"
108,"Brazil","PY",SA,11,"11",,"12|13|15",true,"🇧🇷",BR,false,"^(P[P-Y]|Z[V-Z])[A-Z0-9/]*$"
109,"Guinea-Bissau","J5",AF,35,"35",46,"46",false,"🇬🇼",GW,false,"^J5[A-Z0-9/]*$"
110,"Hawaii","KH6",OC,31,"31",61,"61",false,"🇺🇸",US,false,"^KH[67][A-Z0-9/]*$"
111,"Heard Island","VK0H",AF,39,"39",68,"68",false,"🇭🇲",HM,false,"^VK0[A-Z0-9/]*$"
112,"Chile","CE",SA,12,"12",,"14|16",true,"🇨🇱",CL,false,"^(?:C[A-D][A-Z0-9/]*|CE[1-8][A-Z0-9/]*|3G[A-Z0-9/]*|X[QR][A-Z1-9/]*)$"
114,"Isle of Man","GD",EU,14,"14",27,"27",false,"🇮🇲",IM,false,"^G[DT][A-Z0-9/]*$"
116,"Colombia","HK",SA,9,"9",12,"12",false,"🇨🇴",CO,false,"^(H[JK]|5[JK])[A-Z0-9/]*$"
117,"ITU HQ","4U1I",EU,14,"14",28,"28",false,"🇺🇳",UN,false,"^4U[A-Z0-9/]*$"
118,"Jan Mayen","JX",EU,40,"40",18,"18",false,"🇸🇯",SJ,false,"^JX[A-Z0-9/]*$"
120,"Ecuador","HC",SA,10,"10",12,"12",false,"🇪🇨",EC,false,"^H[CD][A-Z0-9/]*$"
122,"Jersey","GJ",EU,14,"14",27,"27",false,"🇯🇪",JE,false,"^G[JH][A-Z0-9/]*$"
123,"Johnston Island","KH3",OC,31,"31",61,"61",false,"🇺🇸",US,false,"^KH3[A-Z0-9/]*$"
124,"Juan de Nova & Europa","FT/j",AF,39,"39",53,"53",false,"🇹🇫",TF,false,"^(FT0E|FT0J|FT1E|FT1J|FT2E|FT2J|FT3E|FT3J|FT4E|FT4J|FT6E|FT6J|FT7E|FT7J|FT8E|FT8J|FT9E|FT9J)[A-Z0-9/]*$"
125,"Juan Fernandez Islands","CE0Z",SA,12,"12",14,"14",false,"🇨🇱",CL,false,"^CE0[A-Z0-9/]*$"
126,"Kaliningrad","UA2",EU,15,"15",29,"29",false,"🇷🇺",RU,false,"^[UR]A2[A-Z0-9/]*$"
129,"Guyana","8R",SA,9,"9",12,"12",false,"🇬🇾",GY,false,"^8R[A-Z0-9/]*$"
130,"Kazakhstan","UN",AS,17,"17",,"29|30|31",true,"🇰🇿",KZ,false,"^U[N-Q][A-Z0-9/]*$"
131,"Kerguelen Islands","FT/x",AF,39,"39",68,"68",false,"🇹🇫",TF,false,"^(FT0X|FT2X|FT4X|FT5X|FT8X)[A-Z0-9/]*$"
132,"Paraguay","ZP",SA,11,"11",14,"14",false,"🇵🇾",PY,false,"^ZP[A-Z0-9/]*$"
133,"Kermadec Islands","ZL8",OC,32,"32",60,"60",false,"🇳🇿",NZ,false,"^ZL8[A-Z0-9/]*$"
135,"Kyrgyzstan","EX",AS,17,"17",,"30|31",true,"🇰🇬",KG,false,"^EX[A-Z0-9/]*$"
136,"Peru","OA",SA,10,"10",12,"12",false,"🇵🇪",PE,false,"^O[A-C][A-Z0-9/]*$"
137,"Republic of Korea","HL",AS,25,"25",44,"44",false,"🇰🇷",KR,false,"^(DT|DS|HL|6[K-N]|D[78])[A-Z0-9/]*$"
138,"Kure Island","KH7K",OC,31,"31",61,"61",false,"🇺🇸",US,false,"^KH7K[A-Z0-9/]*$"
140,"Suriname","PZ",SA,9,"9",12,"12",false,"🇸🇷",SR,false,"^PZ[A-Z0-9/]*$"
141,"Falkland Islands","VP8",SA,13,"13",16,"16",false,"🇫🇰",FK,false,"^VP8[A-Z0-9/]*$"
142,"Lakshadweep Islands","VU7",AS,22,"22",41,"41",false,"🇮🇳",IN,false,"^VU7[A-Z0-9/]*$"
143,"Laos","XW",AS,26,"26",49,"49",false,"🇱🇦",LA,false,"^XW[A-Z0-9/]*$"
144,"Uruguay","CX",SA,13,"13",14,"14",false,"🇺🇾",UY,false,"^C[V-X][A-Z0-9/]*$"
145,"Latvia","YL",EU,15,"15",29,"29",false,"🇱🇻",LV,false,"^YL[A-Z0-9/]*$"
146,"Lithuania","LY",EU,15,"15",29,"29",false,"🇱🇹",LT,false,"^LY[A-Z0-9/]*$"
147,"Lord Howe Island","VK9L",OC,30,"30",60,"60",false,"🇦🇺",AU,false,"^VK9L[A-Z0-9/]*$"
148,"Venezuela","YV",SA,9,"9",12,"12",false,"🇻🇪",VE,false,"^(Y[V-Y]|4M)[A-Z0-9/]*$"
149,"Azores","CU",EU,14,"14",36,"36",false,"🇵🇹",PT,false,"^CU[A-Z0-9/]*$"
150,"Australia","VK",OC,,"29|30",,"55|58|59",true,"🇦🇺",AU,false,"^(V[H-K]|AX)[A-Z0-9/]*$"
152,"Macao","XX9",AS,24,"24",44,"44",false,"🇲🇴",MO,false,"^XX9[A-Z0-9/]*$"
153,"Macquarie Island","VK0M",OC,30,"30",60,"60",false,"🇦🇺",AU,false,"^VK0[A-Z0-9/]*$"
157,"Nauru","C2",OC,31,"31",65,"65",false,"🇳🇷",NR,false,"^C2[A-Z0-9/]*$"
158,"Vanuatu","YJ",OC,32,"32",56,"56",false,"🇻🇺",VU,false,"^YJ[A-Z0-9/]*$"
159,"Maldives","8Q",AS,22,"22",41,"41",false,"🇲🇻",MV,false,"^8Q[A-Z0-9/]*$"
160,"Tonga","A3",OC,32,"32",62,"62",false,"🇹🇴",TO,false,"^A3[A-Z0-9/]*$"
161,"Malpelo Island","HK0/m",SA,9,"9",12,"12",false,"🇨🇴",CO,false,"^(HJ0M|HK0M)[A-Z0-9/]*$"
162,"New Caledonia","FK",OC,32,"32",56,"56",false,"🇳🇨",NC,false,"^(FK|TX)[A-Z0-9/]*$"
163,"Papua New Guinea","P2",OC,28,"28",51,"51",false,"🇵🇬",PG,false,"^P2[A-Z0-9/]*$"
165,"Mauritius","3B8",AF,39,"39",53,"53",false,"🇲🇺",MU,false,"^3B8[A-Z0-9/]*$"
166,"Mariana Islands","KH0",OC,27,"27",64,"64",false,"🇲🇵",MP,false,"^KH0[A-Z0-9/]*$"
167,"Market Reef","OJ0",EU,15,"15",18,"18",false,"",ZZ,false,"^OJ0[A-Z0-9/]*$"
168,"Marshall Islands","V7",OC,31,"31",65,"65",false,"🇲🇭",MH,false,"^V7[A-Z0-9/]*$"
169,"Mayotte","FH",AF,39,"39",53,"53",false,"🇾🇹",YT,false,"^(FH|TO)[A-Z0-9/]*$"
170,"New Zealand","ZL",OC,32,"32",60,"60",false,"🇳🇿",NZ,false,"^Z[L-M][A-Z0-9/]*$"
171,"Mellish Reef","VK9M",OC,30,"30",56,"56",false,"🇦🇺",AU,false,"^VK9M[A-Z0-9/]*$"
172,"Pitcairn Island","VP6",OC,32,"32",63,"63",false,"🇵🇳",PN,false,"^VP6[A-Z0-9/]*$"
173,"Micronesia","V6",OC,27,"27",65,"65",false,"🇫🇲",FM,false,"^V6[A-Z0-9/]*$"
174,"Midway Island","KH4",OC,31,"31",61,"61",false,"🇺🇸",US,false,"^KH4[A-Z0-9/]*$"
175,"French Polynesia","FO",OC,32,"32",63,"63",false,"🇵🇫",PF,false,"^(FO|TX)[A-Z0-9/]*$"
176,"Fiji","3D2",OC,32,"32",56,"56",false,"🇫🇯",FJ,false,"^3D2[A-Z0-9/]*$"
177,"Minami Torishima","JD/m",OC,27,"27",90,"90",false,"🇯🇵",JP,false,"^JD1[A-Z0-9/]*$"
179,"Moldova","ER",EU,16,"16",29,"29",false,"🇲🇩",MD,false,"^ER[A-Z0-9/]*$"
180,"Mount Athos","SV/a",EU,20,"20",28,"28",false,"🇬🇷",GR,false,"^SV/A[A-Z0-9/]*$"
181,"Mozambique","C9",AF,37,"37",53,"53",false,"🇲🇿",MZ,false,"^C[89][A-Z0-9/]*$"
182,"Navassa Island","KP1",NA,8,"8",11,"11",false,"🇺🇸",US,false,"^KP1[A-Z0-9/]*$"
185,"Solomon Islands","H4",OC,28,"28",51,"51",false,"🇸🇧",SB,false,"^H4[A-Z0-9/]*$"
187,"Niger","5U",AF,35,"35",46,"46",false,"🇳🇪",NE,false,"^5U[A-Z0-9/]*$"
188,"Niue","E6",OC,32,"32",62,"62",false,"🇳🇺",NU,false,"^E6[A-Z0-9/]*$"
189,"Norfolk Island","VK9N",OC,32,"32",60,"60",false,"🇦🇺",AU,false,"^VK9N[A-Z0-9/]*$"
190,"Samoa","5W",OC,32,"32",62,"62",false,"🇼🇸",WS,false,"^5W[A-Z0-9/]*$"
191,"North Cook Islands","E5/n",OC,32,"32",,"62|63",true,"🇨🇰",CK,false,"^E5[A-Z0-9/]*$"
192,"Ogasawara","JD/o",AS,27,"27",45,"45",false,"🇯🇵",JP,false,"^(JD1)[A-Z0-9/]*$"
195,"Annobon Island","3C0",AF,36,"36",52,"52",false,"🇬🇶",GQ,false,"^3C0[A-Z0-9/]*$"
197,"Palmyra & Jarvis Islands","KH5",OC,31,"31",,"61|62",true,"🇺🇸",US,false,"^KH5[A-Z0-9/]*$"
199,"Peter 1 Island","3Y/p",SA,12,"12",72,"72",false,"🇧🇻",BV,false,"^3Y[A-Z0-9/]*$"
201,"Pr. Edward & Marion Is.","ZS8",AF,38,"38",57,"57",false,"🇿🇦",ZA,false,"^ZS8[A-Z0-9/]*$"
202,"Puerto Rico","KP4",NA,8,"8",11,"11",false,"🇵🇷",PR,false,"^KP[4]|WP[4]|NP[4][A-Z0-9/]*$"
203,"Andorra","C3",EU,14,"14",27,"27",false,"🇦🇩",AD,false,"^C3[A-Z0-9/]*$"
204,"Revillagigedo","XF4",NA,6,"6",10,"10",false,"🇲🇽",MX,false,"^X[A-I]4[A-Z0-9/]*$"
205,"Ascension Island","ZD8",AF,36,"36",66,"66",false,"🇸🇭",SH,false,"^ZD8[A-Z0-9/]*$"
206,"Austria","OE",EU,15,"15",28,"28",false,"🇦🇹",AT,false,"^OE[A-Z0-9/]*$"
207,"Rodriguez Island","3B9",AF,39,"39",53,"53",false,"🇲🇺",MU,false,"^3B9[A-Z0-9/]*$"
209,"Belgium","ON",EU,14,"14",27,"27",false,"🇧🇪",BE,false,"^O[N-T][A-Z0-9/]*$"
211,"Sable Island","CY0",NA,5,"5",9,"9",false,"🇨🇦",CA,false,"^CY0[A-Z0-9/]*$"
212,"Bulgaria","LZ",EU,20,"20",28,"28",false,"🇧🇬",BG,false,"^LZ[A-Z0-9/]*$"
213,"St. Martin","FS",NA,8,"8",11,"11",false,"🇫🇷",FR,false,"^(FS|TO)[A-Z0-9/]*$"
214,"Corsica","TK",EU,15,"15",28,"28",false,"🇫🇷",FR,false,"^TK[A-Z0-9/]*$"
215,"Cyprus","5B",AS,20,"20",39,"39",false,"🇨🇾",CY,false,"^(5B|C4|P3)[A-Z0-9/]*$"
216,"San Andres & Providencia","HK0/a",NA,7,"7",11,"11",false,"🇨🇴",CO,false,"^(5J0|5K0|HJ0|HK0)[A-Z0-9/]*$"
217,"San Felix & San Ambrosio","CE0X",SA,12,"12",14,"14",false,"🇨🇱",CL,false,"^CE0[A-Z0-9/]*$"
219,"Sao Tome & Principe","S9",AF,36,"36",47,"47",false,"🇸🇹",ST,false,"^S9[A-Z0-9/]*$"
221,"Denmark","OZ",EU,14,"14",18,"18",false,"🇩🇰",DK,false,"^(O[U-WZ]|5[P-Q])[A-Z0-9/]*$"
222,"Faroe Islands","OY",EU,14,"14",18,"18",false,"🇫🇴",FO,false,"^OY[A-Z0-9/]*$"
223,"England","G",EU,14,"14",27,"27",false,"🏴󠁧󠁢󠁥󠁮󠁧󠁿",GB,false,"^(G|GX|M|2E)[A-Z0-9/]*$"
224,"Finland","OH",EU,15,"15",18,"18",false,"🇫🇮",FI,false,"^O[F-I][A-Z0-9/]*$"
225,"Sardinia","IS",EU,15,"15",28,"28",false,"🇮🇹",IT,false,"^I[SM]0[A-Z0-9/]*$"
227,"France","F",EU,14,"14",27,"27",false,"🇫🇷",FR,false,"^(F|HW|HX|HY|TH|TM|TP|TQ|TV|TW|TX)[A-Z0-9/]*$"
230,"Fed. Rep. of Germany","DL",EU,14,"14",28,"28",false,"🇩🇪",DE,false,"^D[A-R][A-Z0-9/]*$"
232,"Somalia","T5",AF,37,"37",48,"48",false,"🇸🇴",SO,false,"^(T5|6O)[A-Z0-9/]*$"
233,"Gibraltar","ZB",EU,14,"14",37,"37",false,"🇬🇮",GI,false,"^ZB2[A-Z0-9/]*$"
234,"South Cook Islands","E5/s",OC,32,"32",,"62|63",true,"🇨🇰",CK,false,"^(E5)[A-Z0-9/]*$"
235,"South Georgia Island","VP8/g",SA,13,"13",73,"73",false,"🇬🇧",GB,false,"^(VP0G)[A-Z0-9/]*$"
236,"Greece","SV",EU,20,"20",28,"28",false,"🇬🇷",GR,false,"^(S[V-Z]|J4)[A-Z0-9/]*$"
237,"Greenland","OX",NA,40,"40",,"5|75",true,"🇬🇱",GL,false,"^OX[A-Z0-9/]*$"
238,"South Orkney Islands","VP8/o",SA,13,"13",73,"73",false,"🇦🇶",AQ,false,"^(VP8|LU)[A-Z0-9/]*$"
239,"Hungary","HA",EU,15,"15",28,"28",false,"🇭🇺",HU,false,"^H[AG][A-Z0-9/]*$"
240,"South Sandwich Islands","VP8/s",SA,13,"13",73,"73",false,"🇬🇧",GB,false,"^(VP0S)[A-Z0-9/]*$"
241,"South Shetland Islands","VP8/h",SA,13,"13",73,"73",false,"🇦🇶",AQ,false,"^(CE9|XR9)[A-Z0-9/]*$"
242,"Iceland","TF",EU,40,"40",17,"17",false,"🇮🇸",IS,false,"^TF[A-Z0-9/]*$"
245,"Ireland","EI",EU,14,"14",27,"27",false,"🇮🇪",IE,false,"^E[IJ][A-Z0-9/]*$"
246,"Sov Mil Order of Malta","1A",EU,15,"15",28,"28",false,"",ZZ,false,"^1A[A-Z0-9/]*$"
247,"Spratly Islands","1S",AS,26,"26",50,"50",false,"",ZZ,false,"^(1S|9M0|BM9S|BN9S|BO9S|BP9S|BQ9S|BU9S|BV9S|BW9S|BX9S)[A-Z0-9/]*$"
248,"Italy","I",EU,,"15|33",28,"28",true,"🇮🇹",IT,false,"^I[A-Z0-9/]*$"
249,"St. Kitts & Nevis","V4",NA,8,"8",11,"11",false,"🇰🇳",KN,false,"^V4[A-Z0-9/]*$"
250,"St. Helena","ZD7",AF,36,"36",66,"66",false,"🇸🇭",SH,false,"^ZD7[A-Z0-9/]*$"
251,"Liechtenstein","HB0",EU,14,"14",28,"28",false,"🇱🇮",LI,false,"^HB0[A-Z0-9/]*$"
252,"St. Paul Island","CY9",NA,5,"5",9,"9",false,"🇨🇦",CA,false,"^CY9[A-Z0-9/]*$"
253,"St. Peter & St. Paul","PY0S",SA,11,"11",13,"13",false,"🇧🇷",BR,false,"^P[P-Y]0S[A-Z0-9/]*$"
254,"Luxembourg","LX",EU,14,"14",27,"27",false,"🇱🇺",LU,false,"^LX[A-Z0-9/]*$"
256,"Madeira Islands","CT3",AF,33,"33",36,"36",false,"🇵🇹",PT,false,"^CT3[A-Z0-9/]*$"
257,"Malta","9H",EU,15,"15",28,"28",false,"🇲🇹",MT,false,"^9H[A-Z0-9/]*$"
259,"Svalbard","JW",EU,40,"40",18,"18",false,"🇸🇯",SJ,false,"^JW[A-Z0-9/]*$"
260,"Monaco","3A",EU,14,"14",27,"27",false,"🇲🇨",MC,false,"^3A[A-Z0-9/]*$"
262,"Tajikistan","EY",AS,17,"17",30,"30",false,"🇹🇯",TJ,false,"^EY[A-Z0-9/]*$"
263,"Netherlands","PA",EU,14,"14",27,"27",false,"🇳🇱",NL,false,"^P[A-I][A-Z0-9/]*$"
265,"Northern Ireland","GI",EU,14,"14",27,"27",false,"🏴󠁧󠁢󠁮󠁩󠁲󠁿",XI,false,"^(G[IN][A-Z0-9/]*|2I[A-Z0-9/]*)"
266,"Norway","LA",EU,14,"14",18,"18",false,"🇳🇴",NO,false,"^L[A-N][A-Z0-9/]*$"
269,"Poland","SP",EU,15,"15",28,"28",false,"🇵🇱",PL,false,"^(HF|S[N-R]|3Z)[A-Z0-9/]*$"
270,"Tokelau Islands","ZK3",OC,31,"31",62,"62",false,"🇹🇰",TK,false,"^ZK3[A-Z0-9/]*$"
272,"Portugal","CT",EU,14,"14",37,"37",false,"🇵🇹",PT,false,"^(CQ|CR|CS|CT)[A-Z0-9/]*$"
273,"Trindade & Martim Vaz","PY0T",SA,11,"11",15,"15",false,"🇧🇷",BR,false,"^P[P-Y]0T[A-Z0-9/]*$"
274,"Tristan da Cunha & Gough Islands","ZD9",AF,38,"38",66,"66",false,"🇸🇭",SH,false,"^ZD9[A-Z0-9/]*$"
275,"Romania","YO",EU,20,"20",28,"28",false,"🇷🇴",RO,false,"^Y[O-R][A-Z0-9/]*$"
276,"Tromelin Island","FT/t",AF,39,"39",53,"53",false,"🇹🇫",TF,false,"^(FT0T|FT1T|FT2T|FT3T|FT4T|FT5T|FT6T|FT7T|FT8T|FT9T)[A-Z0-9/]*$"
277,"St. Pierre & Miquelon","FP",NA,5,"5",9,"9",false,"🇵🇲",PM,false,"^FP[A-Z0-9/]*$"
278,"San Marino","T7",EU,15,"15",28,"28",false,"🇸🇲",SM,false,"^T7[A-Z0-9/]*$"
279,"Scotland","GM",EU,14,"14",27,"27",false,"🏴󠁧󠁢󠁳󠁣󠁴󠁿",GB,false,"^G[MS][A-Z0-9/]*$"
280,"Turkmenistan","EZ",AS,17,"17",30,"30",false,"🇹🇲",TM,false,"^EZ[A-Z0-9/]*$"
281,"Spain","EA",EU,14,"14",37,"37",false,"🇪🇸",ES,false,"^(E[A-H]|AM|AN|AO)[A-Z0-9/]*$"
282,"Tuvalu","T2",OC,31,"31",65,"65",false,"🇹🇻",TV,false,"^T2[A-Z0-9/]*$"
283,"UK Base Areas on Cyprus","ZC4",AS,20,"20",39,"39",false,"🇬🇧",GB,false,"^ZC4[A-Z0-9/]*$"
284,"Sweden","SM",EU,14,"14",18,"18",false,"🇸🇪",SE,false,"^(S[A-M]|[78]S)[A-Z0-9/]*$"
285,"US Virgin Islands","KP2",NA,8,"8",11,"11",false,"🇻🇮",VI,false,"^KP2[A-Z0-9/]*$"
286,"Uganda","5X",AF,37,"37",48,"48",false,"🇺🇬",UG,false,"^5X[A-Z0-9/]*$"
287,"Switzerland","HB",EU,14,"14",28,"28",false,"🇨🇭",CH,false,"^HB[A-Z0-9/]*$"
288,"Ukraine","UR",EU,16,"16",29,"29",false,"🇺🇦",UA,false,"^(U[R-Z]|E[M-O])[A-Z0-9/]*$"
289,"United Nations HQ","4U1U",NA,5,"5",8,"8",false,"🇺🇳",UN,false,"^4U[A-Z0-9/]*$"
291,"United States","K",NA,,"3|4|5",,"6|7|8",true,"🇺🇸",US,false,"^(K|W|N|A[A-K])[A-Z0-9/]*$"
292,"Uzbekistan","UK",AS,17,"17",30,"30",false,"🇺🇿",UZ,false,"^U[J-M][A-Z0-9/]*$"
293,"Vietnam","3W",AS,26,"26",49,"49",false,"🇻🇳",VN,false,"^(3W|XV)[A-Z0-9/]*$"
294,"Wales","GW",EU,14,"14",27,"27",false,"🏴󠁧󠁢󠁷󠁬󠁳󠁿",GB,false,"^2W|G[WC][A-Z0-9/]*$"
295,"Vatican City","HV",EU,15,"15",28,"28",false,"🇻🇦",VA,false,"^HV[A-Z0-9/]*$"
296,"Serbia","YU",EU,15,"15",28,"28",false,"🇷🇸",RS,false,"^(Y[TU][A-Z0-9/]*|4N[A-Z0-9/]*)"
297,"Wake Island","KH9",OC,31,"31",65,"65",false,"🇺🇸",US,false,"^KH9[A-Z0-9/]*$"
298,"Wallis & Futuna Islands","FW",OC,32,"32",62,"62",false,"🇼🇫",WF,false,"^FW[A-Z0-9/]*$"
299,"West Malaysia","9M2",AS,28,"28",54,"54",false,"🇲🇾",MY,false,"^9M[24][A-Z0-9/]*$"
301,"Western Kiribati","T30",OC,31,"31",65,"65",false,"🇰🇮",KI,false,"^T30[A-Z0-9/]*$"
302,"Western Sahara","S0",AF,33,"33",46,"46",false,"🇪🇭",EH,false,"^S0[A-Z0-9/]*$"
303,"Willis Island","VK9W",OC,30,"30",55,"55",false,"🇦🇺",AU,false,"^VK9W[A-Z0-9/]*$"
304,"Bahrain","A9",AS,21,"21",39,"39",false,"🇧🇭",BH,false,"^A9[A-Z0-9/]*$"
305,"Bangladesh","S2",AS,22,"22",41,"41",false,"🇧🇩",BD,false,"^S2[A-Z0-9/]*$"
306,"Bhutan","A5",AS,22,"22",41,"41",false,"🇧🇹",BT,false,"^A5[A-Z0-9/]*$"
308,"Costa Rica","TI",NA,7,"7",11,"11",false,"🇨🇷",CR,false,"^T[IE][A-Z0-9/]*$"
309,"Myanmar","XZ",AS,26,"26",49,"49",false,"🇲🇲",MM,false,"^X[YZ][A-Z0-9/]*$"
312,"Cambodia","XU",AS,26,"26",49,"49",false,"🇰🇭",KH,false,"^XU[A-Z0-9/]*$"
315,"Sri Lanka","4S",AS,22,"22",41,"41",false,"🇱🇰",LK,false,"^4S[A-Z0-9/]*$"
318,"China","BY",AS,,"23|24",,"33|42|43|44",true,"🇨🇳",CN,false,"^B[A-Z0-9/]*$"
321,"Hong Kong","VR",AS,24,"24",44,"44",false,"🇭🇰",HK,false,"^VR[A-Z0-9/]*$"
324,"India","VU",AS,22,"22",41,"41",false,"🇮🇳",IN,false,"^AT|AU|VU[A-Z0-9/]*$"
327,"Indonesia","YB",OC,28,"28",,"51|54",true,"🇮🇩",ID,false,"^(Y[B-H]|8[A-I])[A-Z0-9/]*$"
330,"Iran","EP",AS,21,"21",40,"40",false,"🇮🇷",IR,false,"^E[PQ][A-Z0-9/]*$"
333,"Iraq","YI",AS,21,"21",39,"39",false,"🇮🇶",IQ,false,"^YI[A-Z0-9/]*$"
336,"Israel","4X",AS,20,"20",39,"39",false,"🇮🇱",IL,false,"^4[XZ][A-Z0-9/]*$"
339,"Japan","JA",AS,25,"25",45,"45",false,"🇯🇵",JP,false,"^(J[A-S]|7[J-N]|8N)[A-Z0-9/]*$"
342,"Jordan","JY",AS,20,"20",39,"39",false,"🇯🇴",JO,false,"^JY[A-Z0-9/]*$"
344,"DPR of Korea","P5",AS,25,"25",44,"44",false,"🇰🇵",KP,false,"^P5[A-Z0-9/]*$"
345,"Brunei Darussalam","V8",OC,28,"28",54,"54",false,"🇧🇳",BN,false,"^V8[A-Z0-9/]*$"
348,"Kuwait","9K",AS,21,"21",39,"39",false,"🇰🇼",KW,false,"^9K[A-Z0-9/]*$"
354,"Lebanon","OD",AS,20,"20",39,"39",false,"🇱🇧",LB,false,"^OD[A-Z0-9/]*$"
363,"Mongolia","JT",AS,23,"23",,"32|33",true,"🇲🇳",MN,false,"^J[T-V][A-Z0-9/]*$"
369,"Nepal","9N",AS,22,"22",42,"42",false,"🇳🇵",NP,false,"^9N[A-Z0-9/]*$"
370,"Oman","A4",AS,21,"21",39,"39",false,"🇴🇲",OM,false,"^A4[A-Z0-9/]*$"
372,"Pakistan","AP",AS,21,"21",41,"41",false,"🇵🇰",PK,false,"^AP[A-Z0-9/]*$"
375,"Philippines","DU",OC,27,"27",50,"50",false,"🇵🇭",PH,false,"^(D[U-Z]|4[D-I])[A-Z0-9/]*$"
376,"Qatar","A7",AS,21,"21",39,"39",false,"🇶🇦",QA,false,"^A7[A-Z0-9/]*$"
378,"Saudi Arabia","HZ",AS,21,"21",39,"39",false,"🇸🇦",SA,false,"^HZ|7Z[A-Z0-9/]*$"
379,"Seychelles","S7",AF,39,"39",53,"53",false,"🇸🇨",SC,false,"^S7[A-Z0-9/]*$"
381,"Singapore","9V",AS,28,"28",54,"54",false,"🇸🇬",SG,false,"^9V[A-Z0-9/]*$"
382,"Djibouti","J2",AF,37,"37",48,"48",false,"🇩🇯",DJ,false,"^J2[A-Z0-9/]*$"
384,"Syria","YK",AS,20,"20",39,"39",false,"🇸🇾",SY,false,"^YK[A-Z0-9/]*$"
386,"Taiwan","BV",AS,24,"24",44,"44",false,"🇹🇼",TW,false,"^B[U-X][A-Z0-9/]*$"
387,"Thailand","HS",AS,26,"26",49,"49",false,"🇹🇭",TH,false,"^(HS|E2)[A-Z0-9/]*$"
390,"Asiatic Turkey","TA",AS,20,"20",39,"39",false,"🇹🇷",TR,false,"^T[A-C]|YM[A-Z0-9/]*$"
391,"United Arab Emirates","A6",AS,21,"21",39,"39",false,"🇦🇪",AE,false,"^A6[A-Z0-9/]*$"
400,"Algeria","7X",AF,33,"33",37,"37",false,"🇩🇿",DZ,false,"^7[T-Y][A-Z0-9/]*$"
401,"Angola","D2",AF,36,"36",52,"52",false,"🇦🇴",AO,false,"^D[23][A-Z0-9/]*$"
402,"Botswana","A2",AF,38,"38",57,"57",false,"🇧🇼",BW,false,"^A2[A-Z0-9/]*$"
404,"Burundi","9U",AF,36,"36",52,"52",false,"🇧🇮",BI,false,"^9U[A-Z0-9/]*$"
406,"Cameroon","TJ",AF,36,"36",47,"47",false,"🇨🇲",CM,false,"^TJ[A-Z0-9/]*$"
408,"Central African Republic","TL",AF,36,"36",47,"47",false,"🇨🇫",CF,false,"^TL[A-Z0-9/]*$"
409,"Cape Verde","D4",AF,35,"35",46,"46",false,"🇨🇻",CV,false,"^D4[A-Z0-9/]*$"
410,"Chad","TT",AF,36,"36",47,"47",false,"🇹🇩",TD,false,"^TT[A-Z0-9/]*$"
411,"Comoros","D6",AF,39,"39",53,"53",false,"🇰🇲",KM,false,"^D6[A-Z0-9/]*$"
412,"Republic of the Congo","TN",AF,36,"36",52,"52",false,"🇨🇬",CG,false,"^TN[A-Z0-9/]*$"
414,"Dem. Rep. of the Congo","9Q",AF,36,"36",52,"52",false,"🇨🇩",CD,false,"^9[Q-T][A-Z0-9/]*$"
416,"Benin","TY",AF,35,"35",46,"46",false,"🇧🇯",BJ,false,"^TY[A-Z0-9/]*$"
420,"Gabon","TR",AF,36,"36",52,"52",false,"🇬🇦",GA,false,"^TR[A-Z0-9/]*$"
422,"The Gambia","C5",AF,35,"35",46,"46",false,"🇬🇲",GM,false,"^C5[A-Z0-9/]*$"
424,"Ghana","9G",AF,35,"35",46,"46",false,"🇬🇭",GH,false,"^9G[A-Z0-9/]*$"
428,"Cote d'Ivoire","TU",AF,35,"35",46,"46",false,"🇨🇮",CI,false,"^TU[A-Z0-9/]*$"
430,"Kenya","5Z",AF,37,"37",48,"48",false,"🇰🇪",KE,false,"^5[YZ][A-Z0-9/]*$"
432,"Lesotho","7P",AF,38,"38",57,"57",false,"🇱🇸",LS,false,"^7P[A-Z0-9/]*$"
434,"Liberia","EL",AF,35,"35",46,"46",false,"🇱🇷",LR,false,"^EL[A-Z0-9/]*$"
436,"Libya","5A",AF,34,"34",38,"38",false,"🇱🇾",LY,false,"^5A[A-Z0-9/]*$"
438,"Madagascar","5R",AF,39,"39",53,"53",false,"🇲🇬",MG,false,"^5R[A-Z0-9/]*$"
440,"Malawi","7Q",AF,37,"37",53,"53",false,"🇲🇼",MW,false,"^7Q[A-Z0-9/]*$"
442,"Mali","TZ",AF,35,"35",46,"46",false,"🇲🇱",ML,false,"^TZ[A-Z0-9/]*$"
444,"Mauritania","5T",AF,35,"35",46,"46",false,"🇲🇷",MR,false,"^5T[A-Z0-9/]*$"
446,"Morocco","CN",AF,33,"33",37,"37",false,"🇲🇦",MA,false,"^(CN|5[C-E])[A-Z0-9/]*$"
450,"Nigeria","5N",AF,35,"35",46,"46",false,"🇳🇬",NG,false,"^5N[A-Z0-9/]*$"
452,"Zimbabwe","Z2",AF,38,"38",53,"53",false,"🇿🇼",ZW,false,"^Z2[A-Z0-9/]*$"
453,"Reunion Island","FR",AF,39,"39",53,"53",false,"🇫🇷",FR,false,"^(FR|TO)[A-Z0-9/]*$"
454,"Rwanda","9X",AF,36,"36",52,"52",false,"🇷🇼",RW,false,"^9X[A-Z0-9/]*$"
456,"Senegal","6W",AF,35,"35",46,"46",false,"🇸🇳",SN,false,"^6[VW][A-Z0-9/]*$"
458,"Sierra Leone","9L",AF,35,"35",46,"46",false,"🇸🇱",SL,false,"^9L[A-Z0-9/]*$"
460,"Rotuma Island","3D2/r",OC,32,"32",56,"56",false,"🇫🇯",FJ,false,"^3D2[A-Z0-9/]*$"
462,"South Africa","ZS",AF,38,"38",57,"57",false,"🇿🇦",ZA,false,"^Z[R-U][A-Z0-9/]*$"
464,"Namibia","V5",AF,38,"38",57,"57",false,"🇳🇦",NA,false,"^V5[A-Z0-9/]*$"
466,"Sudan","ST",AF,34,"34",,"47|48",true,"🇸🇩",SD,false,"^ST[A-Z0-9/]*$"
468,"Kingdom of Eswatini","3DA",AF,38,"38",57,"57",false,"🇸🇿",SZ,false,"^3DA[A-Z0-9/]*$"
470,"Tanzania","5H",AF,37,"37",53,"53",false,"🇹🇿",TZ,false,"^5[HI][A-Z0-9/]*$"
474,"Tunisia","3V",AF,33,"33",37,"37",false,"🇹🇳",TN,false,"^3V[A-Z0-9/]*$"
478,"Egypt","SU",AF,34,"34",38,"38",false,"🇪🇬",EG,false,"^SU[A-Z0-9/]*$"
480,"Burkina Faso","XT",AF,35,"35",46,"46",false,"🇧🇫",BF,false,"^XT[A-Z0-9/]*$"
482,"Zambia","9J",AF,36,"36",53,"53",false,"🇿🇲",ZM,false,"^9[IJ][A-Z0-9/]*$"
483,"Togo","5V",AF,35,"35",46,"46",false,"🇹🇬",TG,false,"^5V[A-Z0-9/]*$"
489,"Conway Reef","3D2/c",OC,32,"32",56,"56",false,"🇫🇯",FJ,false,"^3D2[A-Z0-9/]*$"
490,"Banaba Island","T33",OC,31,"31",65,"65",false,"🇰🇮",KI,false,"^T33[A-Z0-9/]*$"
492,"Yemen","7O",AS,21,"21",39,"39",false,"🇾🇪",YE,false,"^7O[A-Z0-9/]*$"
497,"Croatia","9A",EU,15,"15",28,"28",false,"🇭🇷",HR,false,"^9A[A-Z0-9/]*$"
499,"Slovenia","S5",EU,15,"15",28,"28",false,"🇸🇮",SI,false,"^S5[A-Z0-9/]*$"
501,"Bosnia-Herzegovina","E7",EU,15,"15",28,"28",false,"🇧🇦",BA,false,"^(E7[A-Z0-9/]*|T9[A-Z0-9/]*)"
502,"North Macedonia","Z3",EU,15,"15",28,"28",false,"🇲🇰",MK,false,"^Z3[A-Z0-9/]*$"
503,"Czech Republic","OK",EU,15,"15",28,"28",false,"🇨🇿",CZ,false,"^O[KL][A-Z0-9/]*$"
504,"Slovak Republic","OM",EU,15,"15",28,"28",false,"🇸🇰",SK,false,"^OM[A-Z0-9/]*$"
505,"Pratas Island","BV9P",AS,24,"24",44,"44",false,"🇹🇼",TW,false,"^BV9P[A-Z0-9/]*$"
506,"Scarborough Reef","BS7",AS,27,"27",50,"50",false,"🇨🇳",CN,false,"^BS7[A-Z0-9/]*$"
507,"Temotu Province","H40",OC,32,"32",51,"51",false,"🇸🇧",SB,false,"^H40[A-Z0-9/]*$"
508,"Austral Islands","FO/a",OC,32,"32",63,"63",false,"🇵🇫",PF,false,"^(FO|TO)[A-Z0-9/]*$"
509,"Marquesas Islands","FO/m",OC,31,"31",63,"63",false,"🇵🇫",PF,false,"^(FO|TX)[A-Z0-9/]*$"
510,"Palestine","E4",AS,20,"20",39,"39",false,"🇵🇸",PS,false,"^E4[A-Z0-9/]*$"
511,"Timor - Leste","4W",OC,28,"28",54,"54",false,"🇹🇱",TL,false,"^4W[A-Z0-9/]*$"
512,"Chesterfield Islands","FK/c",OC,30,"30",56,"56",false,"🇳🇨",NC,false,"^(FK|TX)[A-Z0-9/]*$"
513,"Ducie Island","VP6/d",OC,32,"32",63,"63",false,"🇵🇳",PN,false,"^VP6[A-Z0-9/]*$"
514,"Montenegro","4O",EU,15,"15",28,"28",false,"🇲🇪",ME,false,"^4O[A-Z0-9/]*$"
515,"Swains Island","KH8/s",OC,32,"32",62,"62",false,"🇦🇸",AS,false,"^KH8[A-Z0-9/]*$"
516,"St. Barthelemy","FJ",NA,8,"8",11,"11",false,"🇫🇷",FR,false,"^(FJ|TO)[A-Z0-9/]*$"
517,"Curacao","PJ2",SA,9,"9",11,"11",false,"🇨🇼",CW,false,"^PJ2[A-Z0-9/]*$"
518,"Sint Maarten","PJ7",NA,8,"8",11,"11",false,"🇸🇽",SX,false,"^PJ7[A-Z0-9/]*$"
519,"Saba & St. Eustatius","PJ5",NA,8,"8",11,"11",false,"🇧🇶",BQ,false,"^PJ[56][A-Z0-9/]*$"
520,"Bonaire","PJ4",SA,9,"9",11,"11",false,"🇧🇶",BQ,false,"^PJ4[A-Z0-9/]*$"
521,"Republic of South Sudan","Z8",AF,34,"34",48,"48",false,"🇸🇸",SS,false,"^Z8[A-Z0-9/]*$"
522,"Republic of Kosovo","Z6",EU,15,"15",28,"28",false,"🇽🇰",XK,false,"^Z6[A-Z0-9/]*$"
2,"Abu Ail Islands","",AS,21,"21",39,"39",false,"",ZZ,true,""
8,"Aldabra","VQ9",AF,39,"39",53,"53",false,"",ZZ,true,"^VQ9[A-Z0-9/]*$"
19,"Bajo Nuevo","HK0",NA,8,"8",11,"11",false,"",ZZ,true,"^HK0[A-Z0-9/]*$"
23,"Blenheim Reef","",AF,39,"39",41,"41",false,"",ZZ,true,""
25,"British North Borneo","ZC5",OC,28,"28",54,"54",false,"",ZZ,true,"^ZC5[A-Z0-9/]*$"
26,"British Somaliland","VQ6",AF,37,"37",48,"48",false,"",ZZ,true,"^VQ6[A-Z0-9/]*$"
28,"Panama Canal Zone","KZ5",NA,7,"7",11,"11",false,"",ZZ,true,"^KZ5[A-Z0-9/]*$"
30,"Celebes and the Molucca Islands","PK6",OC,28,"28",54,"54",false,"",ZZ,true,"^PK6[A-Z0-9/]*$"
39,"Comoros","FH",AF,39,"39",53,"53",false,"",ZZ,true,"^F(H|B8)[A-Z0-9/]*$"
42,"Daman and Diu","CR8",AS,22,"22",41,"41",false,"",ZZ,true,"^CR8[A-Z0-9/]*$"
44,"Desroches Island","VQ9",AF,39,"39",53,"53",false,"",ZZ,true,"^VQ9[A-Z0-9/]*$"
55,"Farquhar Group","VQ9",AF,39,"39",53,"53",false,"",ZZ,true,"^VQ9[A-Z0-9/]*$"
57,"French Equatorial Africa","FQ8",AF,36,"36",,"47|52",true,"",ZZ,true,"^FQ8[A-Z0-9/]*$"
58,"French Indo-China","FI8",AS,26,"26",49,"49",false,"",ZZ,true,"^FI8[A-Z0-9/]*$"
59,"French West Africa","FF",AF,35,"35",46,"46",false,"",ZZ,true,"^FF[A-Z0-9/]*$"
67,"French India","FN8",AS,22,"22",41,"41",false,"",ZZ,true,"^FN8[A-Z0-9/]*$"
68,"Kuwait/Saudi Arabia Neutral Zone","8Z5",AS,21,"21",39,"39",false,"",ZZ,true,"^(8Z5|9K3)[A-Z0-9/]*$"
81,"West Germany","DA",EU,14,"14",28,"28",false,"",ZZ,true,"^D[A-M][A-Z0-9/]*$"
85,"Bonaire and Curaçao","PJ",SA,9,"9",11,"11",false,"",ZZ,true,"^PJ[A-Z0-9/]*$"
93,"Geyser Reef","",AF,39,"39",53,"53",false,"",ZZ,true,""
101,"Goa","CR8",AS,22,"22",41,"41",false,"",ZZ,true,"^CR8[A-Z0-9/]*$"
102,"British Togoland","ZD4",AF,35,"35",46,"46",false,"",ZZ,true,"^ZD4[A-Z0-9/]*$"
113,"Ifni","EA9",AF,33,"33",37,"37",false,"",ZZ,true,"^EA9[A-Z0-9/]*$"
115,"Italian Somaliland","I5",AF,37,"37",48,"48",false,"",ZZ,true,"^I5[A-Z0-9/]*$"
119,"Java","PK1",OC,28,"28",54,"54",false,"",ZZ,true,"^PK[1-3][A-Z0-9/]*$"
127,"Kamaran Island","VS9K",AS,21,"21",39,"39",false,"",ZZ,true,"^VS9K[A-Z0-9/]*$"
128,"Karelo-Finnish Soviet Socialist Republic","UN1",EU,16,"16",19,"19",false,"",ZZ,true,"^UN1[A-Z0-9/]*$"
134,"Kingman Reef","KH5K",OC,31,"31",61,"61",false,"",ZZ,true,"^KH5K[A-Z0-9/]*$"
139,"Khuriya Muriya Islands","VS9H",AS,21,"21",39,"39",false,"",ZZ,true,"^VS9H[A-Z0-9/]*$"
151,"Maly Vysotsky Island","R1/M",EU,16,"16",29,"29",false,"",ZZ,true,"^R1/M[A-Z0-9/]*$"
154,"Yemen Arab Republic","4W",AS,21,"21",39,"39",false,"",ZZ,true,"^4W[A-Z0-9/]*$"
155,"West Malaysia","9M2",AS,28,"28",54,"54",false,"",ZZ,true,"^9M[245][A-Z0-9/]*$"
164,"Manchuria","C9",AS,24,"24",33,"33",false,"",ZZ,true,"^C9[A-Z0-9/]*$"
178,"Minerva Reefs","1M",OC,32,"32",62,"62",false,"",ZZ,true,"^1M[A-Z0-9/]*$"
183,"Netherlands Borneo","PK5",OC,28,"28",54,"54",false,"",ZZ,true,"^PK5[A-Z0-9/]*$"
184,"Netherlands New Guinea","JZ0",OC,28,"28",51,"51",false,"",ZZ,true,"^JZ0[A-Z0-9/]*$"
186,"Newfoundland, Labrador","VO",NA,,"2|5",9,"9",true,"",ZZ,true,"^VO[A-Z0-9/]*$"
193,"Ryukyu Islands","KR6",AS,25,"25",45,"45",false,"",ZZ,true,"^(KR[68]|JR6|KA6)[A-Z0-9/]*$"
194,"Okinotorishima","7J1",AS,27,"27",45,"45",false,"",ZZ,true,"^7J1[A-Z0-9/]*$"
196,"Palestine","ZC6",AS,20,"20",39,"39",false,"",ZZ,true,"^(ZC6|4X1)[A-Z0-9/]*$"
198,"Papua Territory","P2",OC,28,"28",51,"51",false,"",ZZ,true,"^(P2|VK9)[A-Z0-9/]*$"
200,"Portuguese Timor","CR8",OC,28,"28",54,"54",false,"",ZZ,true,"^CR(8|10)[A-Z0-9/]*$"
208,"Ruanda-Urundi","9U5",AF,36,"36",52,"52",false,"",ZZ,true,"^9U5[A-Z0-9/]*$"
210,"Saar","9S4",EU,14,"14",28,"28",false,"",ZZ,true,"^9S4[A-Z0-9/]*$"
218,"Czechoslovakia","OK",EU,15,"15",28,"28",false,"",ZZ,true,"^O[K-M][A-Z0-9/]*$"
220,"Sarawak","VS4",OC,28,"28",54,"54",false,"",ZZ,true,"^VS4[A-Z0-9/]*$"
226,"Saudi Arabia/Iraq Neutral Zone","8Z4",AS,21,"21",39,"39",false,"",ZZ,true,"^8Z4[A-Z0-9/]*$"
228,"Serrana Bank & Roncador Cay","HK0",NA,7,"7",11,"11",false,"",ZZ,true,"^(HK0|KP3|KS4)[A-Z0-9/]*$"
229,"East Germany","DM",EU,14,"14",28,"28",false,"",ZZ,true,"^(DM|Y[2-9])[A-Z0-9/]*$"
231,"Sikkim","AC3",AS,22,"22",41,"41",false,"",ZZ,true,"^AC3[A-Z0-9/]*$"
243,"People's Democratic Rep. of Yemen","VS9A",AS,21,"21",39,"39",false,"",ZZ,true,"^VS9[APS][A-Z0-9/]*$"
244,"Southern Sudan","ST0",AF,34,"34",,"47|48",true,"",ZZ,true,"^ST0[A-Z0-9/]*$"
255,"St. Maarten, Saba, St. Eustatius","PJ",NA,8,"8",11,"11",false,"",ZZ,true,"^PJ[A-Z0-9/]*$"
258,"Sumatra","PK4",OC,28,"28",54,"54",false,"",ZZ,true,"^PK4[A-Z0-9/]*$"
261,"Swan Is.","KS4",NA,7,"7",11,"11",false,"",ZZ,true,"^KS4[A-Z0-9/]*$"
264,"Tangier","CN2",AF,33,"33",37,"37",false,"",ZZ,true,"^CN2[A-Z0-9/]*$"
267,"Territory of New Guinea","P2",OC,28,"28",51,"51",false,"",ZZ,true,"^(P2|VK9)[A-Z0-9/]*$"
268,"Tibet","AC4",AS,23,"23",41,"41",false,"",ZZ,true,"^AC4[A-Z0-9/]*$"
271,"Trieste","I1",EU,15,"15",28,"28",false,"",ZZ,true,"^I1[A-Z0-9/]*$"
307,"Zanzibar","VQ1",AF,37,"37",53,"53",false,"",ZZ,true,"^(VQ1|5H1)[A-Z0-9/]*$"
488,"Walvis Bay","ZS9",AF,38,"38",57,"57",false,"",ZZ,true,"^ZS9[A-Z0-9/]*$"
493,"Penguin Is.","ZS0",AF,38,"38",57,"57",false,"",ZZ,true,"^ZS[01][A-Z0-9/]*$"
